path,category,fully read?,execution/test evidence,audit owner,findings,not reviewed reason
".github/workflows/agent-harness.yml","CI","yes","Direct review; relevant gate/test output","Codex + independent workstream","See EXECUTIVE_AUDIT and related ledger",""
"Makefile","Make targets","yes","Direct review; relevant gate/test output","Codex + independent workstream","See EXECUTIVE_AUDIT and related ledger",""
"configs/artifact_policy.yaml","config/policy","no","Inventory; static/targeted review where relevant; pytest suite executed","Codex + independent workstream","No individual line-complete claim; see UNRESOLVED_OR_UNVERIFIED","Not line-completely reviewed in this pass"
"configs/default.yaml","config/policy","no","Inventory; static/targeted review where relevant; pytest suite executed","Codex + independent workstream","No individual line-complete claim; see UNRESOLVED_OR_UNVERIFIED","Not line-completely reviewed in this pass"
"configs/tc1.yaml","config/policy","no","Inventory; static/targeted review where relevant; pytest suite executed","Codex + independent workstream","No individual line-complete claim; see UNRESOLVED_OR_UNVERIFIED","Not line-completely reviewed in this pass"
"configs/tc1_512.yaml","config/policy","yes","Direct review; relevant gate/test output","Codex + independent workstream","See EXECUTIVE_AUDIT and related ledger",""
"configs/tc1_int8.yaml","config/policy","no","Inventory; static/targeted review where relevant; pytest suite executed","Codex + independent workstream","No individual line-complete claim; see UNRESOLVED_OR_UNVERIFIED","Not line-completely reviewed in this pass"
"configs/tc1_int8_512.yaml","config/policy","no","Inventory; static/targeted review where relevant; pytest suite executed","Codex + independent workstream","No individual line-complete claim; see UNRESOLVED_OR_UNVERIFIED","Not line-completely reviewed in this pass"
"configs/tc1_sensitivity.yaml","config/policy","no","Inventory; static/targeted review where relevant; pytest suite executed","Codex + independent workstream","No individual line-complete claim; see UNRESOLVED_OR_UNVERIFIED","Not line-completely reviewed in this pass"
"configs/tc1_sensitivity_512.yaml","config/policy","no","Inventory; static/targeted review where relevant; pytest suite executed","Codex + independent workstream","No individual line-complete claim; see UNRESOLVED_OR_UNVERIFIED","Not line-completely reviewed in this pass"
"dashboard/__init__.py","dashboard","no","Inventory; static/targeted review where relevant; pytest suite executed","Codex + independent workstream","No individual line-complete claim; see UNRESOLVED_OR_UNVERIFIED","Not line-completely reviewed in this pass"
"dashboard/app.py","dashboard","no","Inventory; static/targeted review where relevant; pytest suite executed","Codex + independent workstream","No individual line-complete claim; see UNRESOLVED_OR_UNVERIFIED","Not line-completely reviewed in this pass"
"dashboard/data.py","dashboard","yes","Direct review; relevant gate/test output","Codex + independent workstream","See EXECUTIVE_AUDIT and related ledger",""
"dashboard/theme.py","dashboard","no","Inventory; static/targeted review where relevant; pytest suite executed","Codex + independent workstream","No individual line-complete claim; see UNRESOLVED_OR_UNVERIFIED","Not line-completely reviewed in this pass"
"docs/FYP_Interim_2026-07-10.docx","current report artifact","no","Inventory; static/targeted review where relevant; pytest suite executed","Codex + independent workstream","No individual line-complete claim; see UNRESOLVED_OR_UNVERIFIED","Not line-completely reviewed in this pass"
"docs/FYP_Interim_2026-07-10_humanized.docx","current report artifact","no","Inventory; static/targeted review where relevant; pytest suite executed","Codex + independent workstream","No individual line-complete claim; see UNRESOLVED_OR_UNVERIFIED","Not line-completely reviewed in this pass"
"docs/FYP_Report_2026-07-01_humanized.docx","current report artifact","no","Inventory; static/targeted review where relevant; pytest suite executed","Codex + independent workstream","No individual line-complete claim; see UNRESOLVED_OR_UNVERIFIED","Not line-completely reviewed in this pass"
"docs/FYP_Report_2026-07-01_v5.docx","current report artifact","no","Inventory; static/targeted review where relevant; pytest suite executed","Codex + independent workstream","No individual line-complete claim; see UNRESOLVED_OR_UNVERIFIED","Not line-completely reviewed in this pass"
"docs/FYP_Thesis_2026-07-02_humanized.docx","current report artifact","no","Inventory; static/targeted review where relevant; pytest suite executed","Codex + independent workstream","No individual line-complete claim; see UNRESOLVED_OR_UNVERIFIED","Not line-completely reviewed in this pass"
"docs/FYP_Thesis_2026-07-02_v4.docx","current report artifact","no","Inventory; static/targeted review where relevant; pytest suite executed","Codex + independent workstream","No individual line-complete claim; see UNRESOLVED_OR_UNVERIFIED","Not line-completely reviewed in this pass"
"ethical_benchmark/__init__.py","source","no","Inventory; static/targeted review where relevant; pytest suite executed","Codex + independent workstream","No individual line-complete claim; see UNRESOLVED_OR_UNVERIFIED","Not line-completely reviewed in this pass"
"ethical_benchmark/analysis/__init__.py","source","no","Inventory; static/targeted review where relevant; pytest suite executed","Codex + independent workstream","No individual line-complete claim; see UNRESOLVED_OR_UNVERIFIED","Not line-completely reviewed in this pass"
"ethical_benchmark/analysis/compare_quant_pairs.py","source","yes","Direct review; relevant gate/test output","Codex + independent workstream","See EXECUTIVE_AUDIT and related ledger",""
"ethical_benchmark/analysis/refusal_margin.py","source","no","Inventory; static/targeted review where relevant; pytest suite executed","Codex + independent workstream","No individual line-complete claim; see UNRESOLVED_OR_UNVERIFIED","Not line-completely reviewed in this pass"
"ethical_benchmark/benchmarks/__init__.py","source","no","Inventory; static/targeted review where relevant; pytest suite executed","Codex + independent workstream","No individual line-complete claim; see UNRESOLVED_OR_UNVERIFIED","Not line-completely reviewed in this pass"
"ethical_benchmark/benchmarks/arc.py","source","no","Inventory; static/targeted review where relevant; pytest suite executed","Codex + independent workstream","No individual line-complete claim; see UNRESOLVED_OR_UNVERIFIED","Not line-completely reviewed in this pass"
"ethical_benchmark/benchmarks/base.py","source","no","Inventory; static/targeted review where relevant; pytest suite executed","Codex + independent workstream","No individual line-complete claim; see UNRESOLVED_OR_UNVERIFIED","Not line-completely reviewed in this pass"
"ethical_benchmark/benchmarks/harmbench.py","source","no","Inventory; static/targeted review where relevant; pytest suite executed","Codex + independent workstream","No individual line-complete claim; see UNRESOLVED_OR_UNVERIFIED","Not line-completely reviewed in this pass"
"ethical_benchmark/benchmarks/mmlu.py","source","no","Inventory; static/targeted review where relevant; pytest suite executed","Codex + independent workstream","No individual line-complete claim; see UNRESOLVED_OR_UNVERIFIED","Not line-completely reviewed in this pass"
"ethical_benchmark/benchmarks/registry.py","source","no","Inventory; static/targeted review where relevant; pytest suite executed","Codex + independent workstream","No individual line-complete claim; see UNRESOLVED_OR_UNVERIFIED","Not line-completely reviewed in this pass"
"ethical_benchmark/benchmarks/utils.py","source","no","Inventory; static/targeted review where relevant; pytest suite executed","Codex + independent workstream","No individual line-complete claim; see UNRESOLVED_OR_UNVERIFIED","Not line-completely reviewed in this pass"
"ethical_benchmark/benchmarks/xstest.py","source","no","Inventory; static/targeted review where relevant; pytest suite executed","Codex + independent workstream","No individual line-complete claim; see UNRESOLVED_OR_UNVERIFIED","Not line-completely reviewed in this pass"
"ethical_benchmark/cluster/__init__.py","source","no","Inventory; static/targeted review where relevant; pytest suite executed","Codex + independent workstream","No individual line-complete claim; see UNRESOLVED_OR_UNVERIFIED","Not line-completely reviewed in this pass"
"ethical_benchmark/cluster/check_runs.py","source","no","Inventory; static/targeted review where relevant; pytest suite executed","Codex + independent workstream","No individual line-complete claim; see UNRESOLVED_OR_UNVERIFIED","Not line-completely reviewed in this pass"
"ethical_benchmark/cluster/generate_jobs.py","source","no","Inventory; static/targeted review where relevant; pytest suite executed","Codex + independent workstream","No individual line-complete claim; see UNRESOLVED_OR_UNVERIFIED","Not line-completely reviewed in this pass"
"ethical_benchmark/cluster/submit_jobs.py","source","yes","Direct review; relevant gate/test output","Codex + independent workstream","See EXECUTIVE_AUDIT and related ledger",""
"ethical_benchmark/config_schema.py","source","no","Inventory; static/targeted review where relevant; pytest suite executed","Codex + independent workstream","No individual line-complete claim; see UNRESOLVED_OR_UNVERIFIED","Not line-completely reviewed in this pass"
"ethical_benchmark/constants.py","source","no","Inventory; static/targeted review where relevant; pytest suite executed","Codex + independent workstream","No individual line-complete claim; see UNRESOLVED_OR_UNVERIFIED","Not line-completely reviewed in this pass"
"ethical_benchmark/datasets/__init__.py","source","no","Inventory; static/targeted review where relevant; pytest suite executed","Codex + independent workstream","No individual line-complete claim; see UNRESOLVED_OR_UNVERIFIED","Not line-completely reviewed in this pass"
"ethical_benchmark/datasets/bias.py","source","no","Inventory; static/targeted review where relevant; pytest suite executed","Codex + independent workstream","No individual line-complete claim; see UNRESOLVED_OR_UNVERIFIED","Not line-completely reviewed in this pass"
"ethical_benchmark/datasets/factuality.py","source","no","Inventory; static/targeted review where relevant; pytest suite executed","Codex + independent workstream","No individual line-complete claim; see UNRESOLVED_OR_UNVERIFIED","Not line-completely reviewed in this pass"
"ethical_benchmark/datasets/toxicity.py","source","no","Inventory; static/targeted review where relevant; pytest suite executed","Codex + independent workstream","No individual line-complete claim; see UNRESOLVED_OR_UNVERIFIED","Not line-completely reviewed in this pass"
"ethical_benchmark/evaluators/__init__.py","source","no","Inventory; static/targeted review where relevant; pytest suite executed","Codex + independent workstream","No individual line-complete claim; see UNRESOLVED_OR_UNVERIFIED","Not line-completely reviewed in this pass"
"ethical_benchmark/evaluators/bias_eval.py","source","no","Inventory; static/targeted review where relevant; pytest suite executed","Codex + independent workstream","No individual line-complete claim; see UNRESOLVED_OR_UNVERIFIED","Not line-completely reviewed in this pass"
"ethical_benchmark/evaluators/factuality_eval.py","source","no","Inventory; static/targeted review where relevant; pytest suite executed","Codex + independent workstream","No individual line-complete claim; see UNRESOLVED_OR_UNVERIFIED","Not line-completely reviewed in this pass"
"ethical_benchmark/evaluators/toxicity_eval.py","source","no","Inventory; static/targeted review where relevant; pytest suite executed","Codex + independent workstream","No individual line-complete claim; see UNRESOLVED_OR_UNVERIFIED","Not line-completely reviewed in this pass"
"ethical_benchmark/harness/__init__.py","source","no","Inventory; static/targeted review where relevant; pytest suite executed","Codex + independent workstream","No individual line-complete claim; see UNRESOLVED_OR_UNVERIFIED","Not line-completely reviewed in this pass"
"ethical_benchmark/harness/agent.py","source","no","Inventory; static/targeted review where relevant; pytest suite executed","Codex + independent workstream","No individual line-complete claim; see UNRESOLVED_OR_UNVERIFIED","Not line-completely reviewed in this pass"
"ethical_benchmark/judges/__init__.py","source","no","Inventory; static/targeted review where relevant; pytest suite executed","Codex + independent workstream","No individual line-complete claim; see UNRESOLVED_OR_UNVERIFIED","Not line-completely reviewed in this pass"
"ethical_benchmark/judges/validation.py","source","no","Inventory; static/targeted review where relevant; pytest suite executed","Codex + independent workstream","No individual line-complete claim; see UNRESOLVED_OR_UNVERIFIED","Not line-completely reviewed in this pass"
"ethical_benchmark/metrics/__init__.py","source","no","Inventory; static/targeted review where relevant; pytest suite executed","Codex + independent workstream","No individual line-complete claim; see UNRESOLVED_OR_UNVERIFIED","Not line-completely reviewed in this pass"
"ethical_benchmark/metrics/aggregate.py","source","no","Inventory; static/targeted review where relevant; pytest suite executed","Codex + independent workstream","No individual line-complete claim; see UNRESOLVED_OR_UNVERIFIED","Not line-completely reviewed in this pass"
"ethical_benchmark/models/__init__.py","source","no","Inventory; static/targeted review where relevant; pytest suite executed","Codex + independent workstream","No individual line-complete claim; see UNRESOLVED_OR_UNVERIFIED","Not line-completely reviewed in this pass"
"ethical_benchmark/models/generation.py","source","yes","Direct review; relevant gate/test output","Codex + independent workstream","See EXECUTIVE_AUDIT and related ledger",""
"ethical_benchmark/models/loader.py","source","yes","Direct review; relevant gate/test output","Codex + independent workstream","See EXECUTIVE_AUDIT and related ledger",""
"ethical_benchmark/pipeline/__init__.py","source","no","Inventory; static/targeted review where relevant; pytest suite executed","Codex + independent workstream","No individual line-complete claim; see UNRESOLVED_OR_UNVERIFIED","Not line-completely reviewed in this pass"
"ethical_benchmark/pipeline/run_benchmark.py","source","no","Inventory; static/targeted review where relevant; pytest suite executed","Codex + independent workstream","No individual line-complete claim; see UNRESOLVED_OR_UNVERIFIED","Not line-completely reviewed in this pass"
"ethical_benchmark/pipeline/run_quant_benchmark.py","source","yes","Direct review; relevant gate/test output","Codex + independent workstream","See EXECUTIVE_AUDIT and related ledger",""
"ethical_benchmark/pipeline/run_quant_matrix.py","source","yes","Direct review; relevant gate/test output","Codex + independent workstream","See EXECUTIVE_AUDIT and related ledger",""
"ethical_benchmark/quant/__init__.py","source","no","Inventory; static/targeted review where relevant; pytest suite executed","Codex + independent workstream","No individual line-complete claim; see UNRESOLVED_OR_UNVERIFIED","Not line-completely reviewed in this pass"
"ethical_benchmark/quant/config_schema.py","source","no","Inventory; static/targeted review where relevant; pytest suite executed","Codex + independent workstream","No individual line-complete claim; see UNRESOLVED_OR_UNVERIFIED","Not line-completely reviewed in this pass"
"scripts/agent_check.py","script/analysis/harness","no","Inventory; static/targeted review where relevant; pytest suite executed","Codex + independent workstream","No individual line-complete claim; see UNRESOLVED_OR_UNVERIFIED","Not line-completely reviewed in this pass"
"scripts/build_agent_harness_architecture_doc.py","report/document builder","no","Inventory; static/targeted review where relevant; pytest suite executed","Codex + independent workstream","No individual line-complete claim; see UNRESOLVED_OR_UNVERIFIED","Not line-completely reviewed in this pass"
"scripts/build_agentic_report.js","report/document builder","no","Inventory; static/targeted review where relevant; pytest suite executed","Codex + independent workstream","No individual line-complete claim; see UNRESOLVED_OR_UNVERIFIED","Not line-completely reviewed in this pass"
"scripts/build_fyp_interim.js","report/document builder","yes","Direct review; relevant gate/test output","Codex + independent workstream","See EXECUTIVE_AUDIT and related ledger",""
"scripts/build_fyp_interim_humanized.js","report/document builder","no","Inventory; static/targeted review where relevant; pytest suite executed","Codex + independent workstream","No individual line-complete claim; see UNRESOLVED_OR_UNVERIFIED","Not line-completely reviewed in this pass"
"scripts/build_fyp_report.js","report/document builder","no","Inventory; static/targeted review where relevant; pytest suite executed","Codex + independent workstream","No individual line-complete claim; see UNRESOLVED_OR_UNVERIFIED","Not line-completely reviewed in this pass"
"scripts/build_fyp_report_humanized.js","report/document builder","no","Inventory; static/targeted review where relevant; pytest suite executed","Codex + independent workstream","No individual line-complete claim; see UNRESOLVED_OR_UNVERIFIED","Not line-completely reviewed in this pass"
"scripts/build_fyp_report_v2.js","report/document builder","no","Inventory; static/targeted review where relevant; pytest suite executed","Codex + independent workstream","No individual line-complete claim; see UNRESOLVED_OR_UNVERIFIED","Not line-completely reviewed in this pass"
"scripts/build_fyp_report_v3.js","report/document builder","no","Inventory; static/targeted review where relevant; pytest suite executed","Codex + independent workstream","No individual line-complete claim; see UNRESOLVED_OR_UNVERIFIED","Not line-completely reviewed in this pass"
"scripts/build_fyp_report_v4.js","report/document builder","no","Inventory; static/targeted review where relevant; pytest suite executed","Codex + independent workstream","No individual line-complete claim; see UNRESOLVED_OR_UNVERIFIED","Not line-completely reviewed in this pass"
"scripts/build_fyp_report_v5.js","report/document builder","yes","Direct review; relevant gate/test output","Codex + independent workstream","See EXECUTIVE_AUDIT and related ledger",""
"scripts/build_fyp_thesis.js","report/document builder","no","Inventory; static/targeted review where relevant; pytest suite executed","Codex + independent workstream","No individual line-complete claim; see UNRESOLVED_OR_UNVERIFIED","Not line-completely reviewed in this pass"
"scripts/build_fyp_thesis_humanized.js","report/document builder","no","Inventory; static/targeted review where relevant; pytest suite executed","Codex + independent workstream","No individual line-complete claim; see UNRESOLVED_OR_UNVERIFIED","Not line-completely reviewed in this pass"
"scripts/build_fyp_thesis_v2.js","report/document builder","no","Inventory; static/targeted review where relevant; pytest suite executed","Codex + independent workstream","No individual line-complete claim; see UNRESOLVED_OR_UNVERIFIED","Not line-completely reviewed in this pass"
"scripts/build_fyp_thesis_v3.js","report/document builder","no","Inventory; static/targeted review where relevant; pytest suite executed","Codex + independent workstream","No individual line-complete claim; see UNRESOLVED_OR_UNVERIFIED","Not line-completely reviewed in this pass"
"scripts/build_fyp_thesis_v4.js","report/document builder","yes","Direct review; relevant gate/test output","Codex + independent workstream","See EXECUTIVE_AUDIT and related ledger",""
"scripts/capture_refusal_margin.py","script/analysis/harness","no","Inventory; static/targeted review where relevant; pytest suite executed","Codex + independent workstream","No individual line-complete claim; see UNRESOLVED_OR_UNVERIFIED","Not line-completely reviewed in this pass"
"scripts/generate_agent_dashboard.py","script/analysis/harness","no","Inventory; static/targeted review where relevant; pytest suite executed","Codex + independent workstream","No individual line-complete claim; see UNRESOLVED_OR_UNVERIFIED","Not line-completely reviewed in this pass"
"scripts/generate_agent_harness_architecture_diagram.py","script/analysis/harness","no","Inventory; static/targeted review where relevant; pytest suite executed","Codex + independent workstream","No individual line-complete claim; see UNRESOLVED_OR_UNVERIFIED","Not line-completely reviewed in this pass"
"scripts/generate_architecture_diagram.py","script/analysis/harness","no","Inventory; static/targeted review where relevant; pytest suite executed","Codex + independent workstream","No individual line-complete claim; see UNRESOLVED_OR_UNVERIFIED","Not line-completely reviewed in this pass"
"scripts/generate_handoff.py","script/analysis/harness","no","Inventory; static/targeted review where relevant; pytest suite executed","Codex + independent workstream","No individual line-complete claim; see UNRESOLVED_OR_UNVERIFIED","Not line-completely reviewed in this pass"
"scripts/generate_integrated_architecture_diagram.py","script/analysis/harness","no","Inventory; static/targeted review where relevant; pytest suite executed","Codex + independent workstream","No individual line-complete claim; see UNRESOLVED_OR_UNVERIFIED","Not line-completely reviewed in this pass"
"scripts/generate_repo_hierarchy_diagram.py","script/analysis/harness","no","Inventory; static/targeted review where relevant; pytest suite executed","Codex + independent workstream","No individual line-complete claim; see UNRESOLVED_OR_UNVERIFIED","Not line-completely reviewed in this pass"
"scripts/generate_sensitivity_jobs.py","script/analysis/harness","no","Inventory; static/targeted review where relevant; pytest suite executed","Codex + independent workstream","No individual line-complete claim; see UNRESOLVED_OR_UNVERIFIED","Not line-completely reviewed in this pass"
"scripts/generate_tc1_checklist.py","script/analysis/harness","no","Inventory; static/targeted review where relevant; pytest suite executed","Codex + independent workstream","No individual line-complete claim; see UNRESOLVED_OR_UNVERIFIED","Not line-completely reviewed in this pass"
"scripts/genlen_512_analysis.py","script/analysis/harness","no","Inventory; static/targeted review where relevant; pytest suite executed","Codex + independent workstream","No individual line-complete claim; see UNRESOLVED_OR_UNVERIFIED","Not line-completely reviewed in this pass"
"scripts/harmbench_category_breakdown.py","script/analysis/harness","no","Inventory; static/targeted review where relevant; pytest suite executed","Codex + independent workstream","No individual line-complete claim; see UNRESOLVED_OR_UNVERIFIED","Not line-completely reviewed in this pass"
"scripts/harness_eval.py","script/analysis/harness","no","Inventory; static/targeted review where relevant; pytest suite executed","Codex + independent workstream","No individual line-complete claim; see UNRESOLVED_OR_UNVERIFIED","Not line-completely reviewed in this pass"
"scripts/human_label_audit.py","script/analysis/harness","no","Inventory; static/targeted review where relevant; pytest suite executed","Codex + independent workstream","No individual line-complete claim; see UNRESOLVED_OR_UNVERIFIED","Not line-completely reviewed in this pass"
"scripts/judge_agreement.py","script/analysis/harness","no","Inventory; static/targeted review where relevant; pytest suite executed","Codex + independent workstream","No individual line-complete claim; see UNRESOLVED_OR_UNVERIFIED","Not line-completely reviewed in this pass"
"scripts/judge_pairwise_agreement.py","script/analysis/harness","no","Inventory; static/targeted review where relevant; pytest suite executed","Codex + independent workstream","No individual line-complete claim; see UNRESOLVED_OR_UNVERIFIED","Not line-completely reviewed in this pass"
"scripts/make_figures.py","script/analysis/harness","no","Inventory; static/targeted review where relevant; pytest suite executed","Codex + independent workstream","No individual line-complete claim; see UNRESOLVED_OR_UNVERIFIED","Not line-completely reviewed in this pass"
"scripts/mmlu_subject_breakdown.py","script/analysis/harness","no","Inventory; static/targeted review where relevant; pytest suite executed","Codex + independent workstream","No individual line-complete claim; see UNRESOLVED_OR_UNVERIFIED","Not line-completely reviewed in this pass"
"scripts/multiple_comparisons.py","script/analysis/harness","yes","Direct review; relevant gate/test output","Codex + independent workstream","See EXECUTIVE_AUDIT and related ledger",""
"scripts/number_bible_512.py","script/analysis/harness","no","Inventory; static/targeted review where relevant; pytest suite executed","Codex + independent workstream","No individual line-complete claim; see UNRESOLVED_OR_UNVERIFIED","Not line-completely reviewed in this pass"
"scripts/precision_sweep_analysis.py","script/analysis/harness","no","Inventory; static/targeted review where relevant; pytest suite executed","Codex + independent workstream","No individual line-complete claim; see UNRESOLVED_OR_UNVERIFIED","Not line-completely reviewed in this pass"
"scripts/prefetch_tc1.py","script/analysis/harness","no","Inventory; static/targeted review where relevant; pytest suite executed","Codex + independent workstream","No individual line-complete claim; see UNRESOLVED_OR_UNVERIFIED","Not line-completely reviewed in this pass"
"scripts/refusal_margin_analysis.py","script/analysis/harness","no","Inventory; static/targeted review where relevant; pytest suite executed","Codex + independent workstream","No individual line-complete claim; see UNRESOLVED_OR_UNVERIFIED","Not line-completely reviewed in this pass"
"scripts/rescore_harmbench.py","script/analysis/harness","no","Inventory; static/targeted review where relevant; pytest suite executed","Codex + independent workstream","No individual line-complete claim; see UNRESOLVED_OR_UNVERIFIED","Not line-completely reviewed in this pass"
"scripts/run_judge_validation.py","script/analysis/harness","no","Inventory; static/targeted review where relevant; pytest suite executed","Codex + independent workstream","No individual line-complete claim; see UNRESOLVED_OR_UNVERIFIED","Not line-completely reviewed in this pass"
"scripts/sensitivity_analysis.py","script/analysis/harness","no","Inventory; static/targeted review where relevant; pytest suite executed","Codex + independent workstream","No individual line-complete claim; see UNRESOLVED_OR_UNVERIFIED","Not line-completely reviewed in this pass"
"scripts/verify_report_claims.py","script/analysis/harness","yes","Direct review; relevant gate/test output","Codex + independent workstream","See EXECUTIVE_AUDIT and related ledger",""
"slurm/capture_refusal_margin.sbatch","SLURM/job metadata","no","Inventory; static/targeted review where relevant; pytest suite executed","Codex + independent workstream","No individual line-complete claim; see UNRESOLVED_OR_UNVERIFIED","Not line-completely reviewed in this pass"
"slurm/check_status.json","SLURM/job metadata","no","Inventory; static/targeted review where relevant; pytest suite executed","Codex + independent workstream","No individual line-complete claim; see UNRESOLVED_OR_UNVERIFIED","Not line-completely reviewed in this pass"
"slurm/cuda_check.sbatch","SLURM/job metadata","no","Inventory; static/targeted review where relevant; pytest suite executed","Codex + independent workstream","No individual line-complete claim; see UNRESOLVED_OR_UNVERIFIED","Not line-completely reviewed in this pass"
"slurm/jobs/manifest.json","SLURM/job metadata","no","Inventory; static/targeted review where relevant; pytest suite executed","Codex + independent workstream","No individual line-complete claim; see UNRESOLVED_OR_UNVERIFIED","Not line-completely reviewed in this pass"
"slurm/jobs/submitted_jobs.json","SLURM/job metadata","no","Inventory; static/targeted review where relevant; pytest suite executed","Codex + independent workstream","No individual line-complete claim; see UNRESOLVED_OR_UNVERIFIED","Not line-completely reviewed in this pass"
"slurm/jobs_tc1/llama_3_2_3b_4bit__matrix.sbatch","SLURM/job metadata","no","Inventory; static/targeted review where relevant; pytest suite executed","Codex + independent workstream","No individual line-complete claim; see UNRESOLVED_OR_UNVERIFIED","Not line-completely reviewed in this pass"
"slurm/jobs_tc1/llama_3_2_3b_base__matrix.sbatch","SLURM/job metadata","no","Inventory; static/targeted review where relevant; pytest suite executed","Codex + independent workstream","No individual line-complete claim; see UNRESOLVED_OR_UNVERIFIED","Not line-completely reviewed in this pass"
"slurm/jobs_tc1/manifest.json","SLURM/job metadata","no","Inventory; static/targeted review where relevant; pytest suite executed","Codex + independent workstream","No individual line-complete claim; see UNRESOLVED_OR_UNVERIFIED","Not line-completely reviewed in this pass"
"slurm/jobs_tc1/mistral_7b_4bit__matrix.sbatch","SLURM/job metadata","no","Inventory; static/targeted review where relevant; pytest suite executed","Codex + independent workstream","No individual line-complete claim; see UNRESOLVED_OR_UNVERIFIED","Not line-completely reviewed in this pass"
"slurm/jobs_tc1/mistral_7b_base__matrix.sbatch","SLURM/job metadata","no","Inventory; static/targeted review where relevant; pytest suite executed","Codex + independent workstream","No individual line-complete claim; see UNRESOLVED_OR_UNVERIFIED","Not line-completely reviewed in this pass"
"slurm/jobs_tc1/phi4_mini_4bit__matrix.sbatch","SLURM/job metadata","no","Inventory; static/targeted review where relevant; pytest suite executed","Codex + independent workstream","No individual line-complete claim; see UNRESOLVED_OR_UNVERIFIED","Not line-completely reviewed in this pass"
"slurm/jobs_tc1/phi4_mini_base__matrix.sbatch","SLURM/job metadata","no","Inventory; static/targeted review where relevant; pytest suite executed","Codex + independent workstream","No individual line-complete claim; see UNRESOLVED_OR_UNVERIFIED","Not line-completely reviewed in this pass"
"slurm/jobs_tc1/qwen_2b_4bit__matrix.sbatch","SLURM/job metadata","no","Inventory; static/targeted review where relevant; pytest suite executed","Codex + independent workstream","No individual line-complete claim; see UNRESOLVED_OR_UNVERIFIED","Not line-completely reviewed in this pass"
"slurm/jobs_tc1/qwen_2b_base__matrix.sbatch","SLURM/job metadata","no","Inventory; static/targeted review where relevant; pytest suite executed","Codex + independent workstream","No individual line-complete claim; see UNRESOLVED_OR_UNVERIFIED","Not line-completely reviewed in this pass"
"slurm/jobs_tc1/qwen_4b_4bit__matrix.sbatch","SLURM/job metadata","no","Inventory; static/targeted review where relevant; pytest suite executed","Codex + independent workstream","No individual line-complete claim; see UNRESOLVED_OR_UNVERIFIED","Not line-completely reviewed in this pass"
"slurm/jobs_tc1/qwen_4b_base__matrix.sbatch","SLURM/job metadata","no","Inventory; static/targeted review where relevant; pytest suite executed","Codex + independent workstream","No individual line-complete claim; see UNRESOLVED_OR_UNVERIFIED","Not line-completely reviewed in this pass"
"slurm/jobs_tc1_512/llama_3_2_3b_4bit__matrix.sbatch","SLURM/job metadata","no","Inventory; static/targeted review where relevant; pytest suite executed","Codex + independent workstream","No individual line-complete claim; see UNRESOLVED_OR_UNVERIFIED","Not line-completely reviewed in this pass"
"slurm/jobs_tc1_512/llama_3_2_3b_base__matrix.sbatch","SLURM/job metadata","no","Inventory; static/targeted review where relevant; pytest suite executed","Codex + independent workstream","No individual line-complete claim; see UNRESOLVED_OR_UNVERIFIED","Not line-completely reviewed in this pass"
"slurm/jobs_tc1_512/manifest.json","SLURM/job metadata","no","Inventory; static/targeted review where relevant; pytest suite executed","Codex + independent workstream","No individual line-complete claim; see UNRESOLVED_OR_UNVERIFIED","Not line-completely reviewed in this pass"
"slurm/jobs_tc1_512/mistral_7b_4bit__matrix.sbatch","SLURM/job metadata","no","Inventory; static/targeted review where relevant; pytest suite executed","Codex + independent workstream","No individual line-complete claim; see UNRESOLVED_OR_UNVERIFIED","Not line-completely reviewed in this pass"
"slurm/jobs_tc1_512/mistral_7b_base__matrix.sbatch","SLURM/job metadata","no","Inventory; static/targeted review where relevant; pytest suite executed","Codex + independent workstream","No individual line-complete claim; see UNRESOLVED_OR_UNVERIFIED","Not line-completely reviewed in this pass"
"slurm/jobs_tc1_512/phi4_mini_4bit__matrix.sbatch","SLURM/job metadata","no","Inventory; static/targeted review where relevant; pytest suite executed","Codex + independent workstream","No individual line-complete claim; see UNRESOLVED_OR_UNVERIFIED","Not line-completely reviewed in this pass"
"slurm/jobs_tc1_512/phi4_mini_base__matrix.sbatch","SLURM/job metadata","no","Inventory; static/targeted review where relevant; pytest suite executed","Codex + independent workstream","No individual line-complete claim; see UNRESOLVED_OR_UNVERIFIED","Not line-completely reviewed in this pass"
"slurm/jobs_tc1_512/qwen_2b_4bit__matrix.sbatch","SLURM/job metadata","no","Inventory; static/targeted review where relevant; pytest suite executed","Codex + independent workstream","No individual line-complete claim; see UNRESOLVED_OR_UNVERIFIED","Not line-completely reviewed in this pass"
"slurm/jobs_tc1_512/qwen_2b_base__matrix.sbatch","SLURM/job metadata","no","Inventory; static/targeted review where relevant; pytest suite executed","Codex + independent workstream","No individual line-complete claim; see UNRESOLVED_OR_UNVERIFIED","Not line-completely reviewed in this pass"
"slurm/jobs_tc1_512/qwen_4b_4bit__matrix.sbatch","SLURM/job metadata","no","Inventory; static/targeted review where relevant; pytest suite executed","Codex + independent workstream","No individual line-complete claim; see UNRESOLVED_OR_UNVERIFIED","Not line-completely reviewed in this pass"
"slurm/jobs_tc1_512/qwen_4b_base__matrix.sbatch","SLURM/job metadata","no","Inventory; static/targeted review where relevant; pytest suite executed","Codex + independent workstream","No individual line-complete claim; see UNRESOLVED_OR_UNVERIFIED","Not line-completely reviewed in this pass"
"slurm/jobs_tc1_512_smoke/llama_3_2_3b_4bit__arc.sbatch","SLURM/job metadata","no","Inventory; static/targeted review where relevant; pytest suite executed","Codex + independent workstream","No individual line-complete claim; see UNRESOLVED_OR_UNVERIFIED","Not line-completely reviewed in this pass"
"slurm/jobs_tc1_512_smoke/llama_3_2_3b_4bit__harmbench.sbatch","SLURM/job metadata","no","Inventory; static/targeted review where relevant; pytest suite executed","Codex + independent workstream","No individual line-complete claim; see UNRESOLVED_OR_UNVERIFIED","Not line-completely reviewed in this pass"
"slurm/jobs_tc1_512_smoke/llama_3_2_3b_4bit__mmlu.sbatch","SLURM/job metadata","no","Inventory; static/targeted review where relevant; pytest suite executed","Codex + independent workstream","No individual line-complete claim; see UNRESOLVED_OR_UNVERIFIED","Not line-completely reviewed in this pass"
"slurm/jobs_tc1_512_smoke/llama_3_2_3b_4bit__xstest.sbatch","SLURM/job metadata","no","Inventory; static/targeted review where relevant; pytest suite executed","Codex + independent workstream","No individual line-complete claim; see UNRESOLVED_OR_UNVERIFIED","Not line-completely reviewed in this pass"
"slurm/jobs_tc1_512_smoke/llama_3_2_3b_base__arc.sbatch","SLURM/job metadata","no","Inventory; static/targeted review where relevant; pytest suite executed","Codex + independent workstream","No individual line-complete claim; see UNRESOLVED_OR_UNVERIFIED","Not line-completely reviewed in this pass"
"slurm/jobs_tc1_512_smoke/llama_3_2_3b_base__harmbench.sbatch","SLURM/job metadata","no","Inventory; static/targeted review where relevant; pytest suite executed","Codex + independent workstream","No individual line-complete claim; see UNRESOLVED_OR_UNVERIFIED","Not line-completely reviewed in this pass"
"slurm/jobs_tc1_512_smoke/llama_3_2_3b_base__mmlu.sbatch","SLURM/job metadata","no","Inventory; static/targeted review where relevant; pytest suite executed","Codex + independent workstream","No individual line-complete claim; see UNRESOLVED_OR_UNVERIFIED","Not line-completely reviewed in this pass"
"slurm/jobs_tc1_512_smoke/llama_3_2_3b_base__xstest.sbatch","SLURM/job metadata","no","Inventory; static/targeted review where relevant; pytest suite executed","Codex + independent workstream","No individual line-complete claim; see UNRESOLVED_OR_UNVERIFIED","Not line-completely reviewed in this pass"
"slurm/jobs_tc1_512_smoke/manifest.json","SLURM/job metadata","no","Inventory; static/targeted review where relevant; pytest suite executed","Codex + independent workstream","No individual line-complete claim; see UNRESOLVED_OR_UNVERIFIED","Not line-completely reviewed in this pass"
"slurm/jobs_tc1_512_smoke/mistral_7b_4bit__arc.sbatch","SLURM/job metadata","no","Inventory; static/targeted review where relevant; pytest suite executed","Codex + independent workstream","No individual line-complete claim; see UNRESOLVED_OR_UNVERIFIED","Not line-completely reviewed in this pass"
"slurm/jobs_tc1_512_smoke/mistral_7b_4bit__harmbench.sbatch","SLURM/job metadata","no","Inventory; static/targeted review where relevant; pytest suite executed","Codex + independent workstream","No individual line-complete claim; see UNRESOLVED_OR_UNVERIFIED","Not line-completely reviewed in this pass"
"slurm/jobs_tc1_512_smoke/mistral_7b_4bit__mmlu.sbatch","SLURM/job metadata","no","Inventory; static/targeted review where relevant; pytest suite executed","Codex + independent workstream","No individual line-complete claim; see UNRESOLVED_OR_UNVERIFIED","Not line-completely reviewed in this pass"
"slurm/jobs_tc1_512_smoke/mistral_7b_4bit__xstest.sbatch","SLURM/job metadata","no","Inventory; static/targeted review where relevant; pytest suite executed","Codex + independent workstream","No individual line-complete claim; see UNRESOLVED_OR_UNVERIFIED","Not line-completely reviewed in this pass"
"slurm/jobs_tc1_512_smoke/mistral_7b_base__arc.sbatch","SLURM/job metadata","no","Inventory; static/targeted review where relevant; pytest suite executed","Codex + independent workstream","No individual line-complete claim; see UNRESOLVED_OR_UNVERIFIED","Not line-completely reviewed in this pass"
"slurm/jobs_tc1_512_smoke/mistral_7b_base__harmbench.sbatch","SLURM/job metadata","no","Inventory; static/targeted review where relevant; pytest suite executed","Codex + independent workstream","No individual line-complete claim; see UNRESOLVED_OR_UNVERIFIED","Not line-completely reviewed in this pass"
"slurm/jobs_tc1_512_smoke/mistral_7b_base__mmlu.sbatch","SLURM/job metadata","no","Inventory; static/targeted review where relevant; pytest suite executed","Codex + independent workstream","No individual line-complete claim; see UNRESOLVED_OR_UNVERIFIED","Not line-completely reviewed in this pass"
"slurm/jobs_tc1_512_smoke/mistral_7b_base__xstest.sbatch","SLURM/job metadata","no","Inventory; static/targeted review where relevant; pytest suite executed","Codex + independent workstream","No individual line-complete claim; see UNRESOLVED_OR_UNVERIFIED","Not line-completely reviewed in this pass"
"slurm/jobs_tc1_512_smoke/phi4_mini_4bit__arc.sbatch","SLURM/job metadata","no","Inventory; static/targeted review where relevant; pytest suite executed","Codex + independent workstream","No individual line-complete claim; see UNRESOLVED_OR_UNVERIFIED","Not line-completely reviewed in this pass"
"slurm/jobs_tc1_512_smoke/phi4_mini_4bit__harmbench.sbatch","SLURM/job metadata","no","Inventory; static/targeted review where relevant; pytest suite executed","Codex + independent workstream","No individual line-complete claim; see UNRESOLVED_OR_UNVERIFIED","Not line-completely reviewed in this pass"
"slurm/jobs_tc1_512_smoke/phi4_mini_4bit__mmlu.sbatch","SLURM/job metadata","no","Inventory; static/targeted review where relevant; pytest suite executed","Codex + independent workstream","No individual line-complete claim; see UNRESOLVED_OR_UNVERIFIED","Not line-completely reviewed in this pass"
"slurm/jobs_tc1_512_smoke/phi4_mini_4bit__xstest.sbatch","SLURM/job metadata","no","Inventory; static/targeted review where relevant; pytest suite executed","Codex + independent workstream","No individual line-complete claim; see UNRESOLVED_OR_UNVERIFIED","Not line-completely reviewed in this pass"
"slurm/jobs_tc1_512_smoke/phi4_mini_base__arc.sbatch","SLURM/job metadata","no","Inventory; static/targeted review where relevant; pytest suite executed","Codex + independent workstream","No individual line-complete claim; see UNRESOLVED_OR_UNVERIFIED","Not line-completely reviewed in this pass"
"slurm/jobs_tc1_512_smoke/phi4_mini_base__harmbench.sbatch","SLURM/job metadata","no","Inventory; static/targeted review where relevant; pytest suite executed","Codex + independent workstream","No individual line-complete claim; see UNRESOLVED_OR_UNVERIFIED","Not line-completely reviewed in this pass"
"slurm/jobs_tc1_512_smoke/phi4_mini_base__mmlu.sbatch","SLURM/job metadata","no","Inventory; static/targeted review where relevant; pytest suite executed","Codex + independent workstream","No individual line-complete claim; see UNRESOLVED_OR_UNVERIFIED","Not line-completely reviewed in this pass"
"slurm/jobs_tc1_512_smoke/phi4_mini_base__xstest.sbatch","SLURM/job metadata","no","Inventory; static/targeted review where relevant; pytest suite executed","Codex + independent workstream","No individual line-complete claim; see UNRESOLVED_OR_UNVERIFIED","Not line-completely reviewed in this pass"
"slurm/jobs_tc1_512_smoke/qwen_2b_4bit__arc.sbatch","SLURM/job metadata","no","Inventory; static/targeted review where relevant; pytest suite executed","Codex + independent workstream","No individual line-complete claim; see UNRESOLVED_OR_UNVERIFIED","Not line-completely reviewed in this pass"
"slurm/jobs_tc1_512_smoke/qwen_2b_4bit__harmbench.sbatch","SLURM/job metadata","no","Inventory; static/targeted review where relevant; pytest suite executed","Codex + independent workstream","No individual line-complete claim; see UNRESOLVED_OR_UNVERIFIED","Not line-completely reviewed in this pass"
"slurm/jobs_tc1_512_smoke/qwen_2b_4bit__mmlu.sbatch","SLURM/job metadata","no","Inventory; static/targeted review where relevant; pytest suite executed","Codex + independent workstream","No individual line-complete claim; see UNRESOLVED_OR_UNVERIFIED","Not line-completely reviewed in this pass"
"slurm/jobs_tc1_512_smoke/qwen_2b_4bit__xstest.sbatch","SLURM/job metadata","no","Inventory; static/targeted review where relevant; pytest suite executed","Codex + independent workstream","No individual line-complete claim; see UNRESOLVED_OR_UNVERIFIED","Not line-completely reviewed in this pass"
"slurm/jobs_tc1_512_smoke/qwen_2b_base__arc.sbatch","SLURM/job metadata","no","Inventory; static/targeted review where relevant; pytest suite executed","Codex + independent workstream","No individual line-complete claim; see UNRESOLVED_OR_UNVERIFIED","Not line-completely reviewed in this pass"
"slurm/jobs_tc1_512_smoke/qwen_2b_base__harmbench.sbatch","SLURM/job metadata","no","Inventory; static/targeted review where relevant; pytest suite executed","Codex + independent workstream","No individual line-complete claim; see UNRESOLVED_OR_UNVERIFIED","Not line-completely reviewed in this pass"
"slurm/jobs_tc1_512_smoke/qwen_2b_base__mmlu.sbatch","SLURM/job metadata","no","Inventory; static/targeted review where relevant; pytest suite executed","Codex + independent workstream","No individual line-complete claim; see UNRESOLVED_OR_UNVERIFIED","Not line-completely reviewed in this pass"
"slurm/jobs_tc1_512_smoke/qwen_2b_base__xstest.sbatch","SLURM/job metadata","no","Inventory; static/targeted review where relevant; pytest suite executed","Codex + independent workstream","No individual line-complete claim; see UNRESOLVED_OR_UNVERIFIED","Not line-completely reviewed in this pass"
"slurm/jobs_tc1_512_smoke/qwen_4b_4bit__arc.sbatch","SLURM/job metadata","no","Inventory; static/targeted review where relevant; pytest suite executed","Codex + independent workstream","No individual line-complete claim; see UNRESOLVED_OR_UNVERIFIED","Not line-completely reviewed in this pass"
"slurm/jobs_tc1_512_smoke/qwen_4b_4bit__harmbench.sbatch","SLURM/job metadata","no","Inventory; static/targeted review where relevant; pytest suite executed","Codex + independent workstream","No individual line-complete claim; see UNRESOLVED_OR_UNVERIFIED","Not line-completely reviewed in this pass"
"slurm/jobs_tc1_512_smoke/qwen_4b_4bit__mmlu.sbatch","SLURM/job metadata","no","Inventory; static/targeted review where relevant; pytest suite executed","Codex + independent workstream","No individual line-complete claim; see UNRESOLVED_OR_UNVERIFIED","Not line-completely reviewed in this pass"
"slurm/jobs_tc1_512_smoke/qwen_4b_4bit__xstest.sbatch","SLURM/job metadata","no","Inventory; static/targeted review where relevant; pytest suite executed","Codex + independent workstream","No individual line-complete claim; see UNRESOLVED_OR_UNVERIFIED","Not line-completely reviewed in this pass"
"slurm/jobs_tc1_512_smoke/qwen_4b_base__arc.sbatch","SLURM/job metadata","no","Inventory; static/targeted review where relevant; pytest suite executed","Codex + independent workstream","No individual line-complete claim; see UNRESOLVED_OR_UNVERIFIED","Not line-completely reviewed in this pass"
"slurm/jobs_tc1_512_smoke/qwen_4b_base__harmbench.sbatch","SLURM/job metadata","no","Inventory; static/targeted review where relevant; pytest suite executed","Codex + independent workstream","No individual line-complete claim; see UNRESOLVED_OR_UNVERIFIED","Not line-completely reviewed in this pass"
"slurm/jobs_tc1_512_smoke/qwen_4b_base__mmlu.sbatch","SLURM/job metadata","no","Inventory; static/targeted review where relevant; pytest suite executed","Codex + independent workstream","No individual line-complete claim; see UNRESOLVED_OR_UNVERIFIED","Not line-completely reviewed in this pass"
"slurm/jobs_tc1_512_smoke/qwen_4b_base__xstest.sbatch","SLURM/job metadata","no","Inventory; static/targeted review where relevant; pytest suite executed","Codex + independent workstream","No individual line-complete claim; see UNRESOLVED_OR_UNVERIFIED","Not line-completely reviewed in this pass"
"slurm/jobs_tc1_arc/README.md","SLURM/job metadata","no","Inventory; static/targeted review where relevant; pytest suite executed","Codex + independent workstream","No individual line-complete claim; see UNRESOLVED_OR_UNVERIFIED","Not line-completely reviewed in this pass"
"slurm/jobs_tc1_arc/llama_3_2_3b_4bit__arc.sbatch","SLURM/job metadata","no","Inventory; static/targeted review where relevant; pytest suite executed","Codex + independent workstream","No individual line-complete claim; see UNRESOLVED_OR_UNVERIFIED","Not line-completely reviewed in this pass"
"slurm/jobs_tc1_arc/llama_3_2_3b_base__arc.sbatch","SLURM/job metadata","no","Inventory; static/targeted review where relevant; pytest suite executed","Codex + independent workstream","No individual line-complete claim; see UNRESOLVED_OR_UNVERIFIED","Not line-completely reviewed in this pass"
"slurm/jobs_tc1_arc/qwen_2b_4bit__arc.sbatch","SLURM/job metadata","no","Inventory; static/targeted review where relevant; pytest suite executed","Codex + independent workstream","No individual line-complete claim; see UNRESOLVED_OR_UNVERIFIED","Not line-completely reviewed in this pass"
"slurm/jobs_tc1_arc/qwen_2b_base__arc.sbatch","SLURM/job metadata","no","Inventory; static/targeted review where relevant; pytest suite executed","Codex + independent workstream","No individual line-complete claim; see UNRESOLVED_OR_UNVERIFIED","Not line-completely reviewed in this pass"
"slurm/jobs_tc1_arc/qwen_4b_4bit__arc.sbatch","SLURM/job metadata","no","Inventory; static/targeted review where relevant; pytest suite executed","Codex + independent workstream","No individual line-complete claim; see UNRESOLVED_OR_UNVERIFIED","Not line-completely reviewed in this pass"
"slurm/jobs_tc1_arc/qwen_4b_base__arc.sbatch","SLURM/job metadata","no","Inventory; static/targeted review where relevant; pytest suite executed","Codex + independent workstream","No individual line-complete claim; see UNRESOLVED_OR_UNVERIFIED","Not line-completely reviewed in this pass"
"slurm/jobs_tc1_int8/llama_3_2_3b_8bit__matrix.sbatch","SLURM/job metadata","no","Inventory; static/targeted review where relevant; pytest suite executed","Codex + independent workstream","No individual line-complete claim; see UNRESOLVED_OR_UNVERIFIED","Not line-completely reviewed in this pass"
"slurm/jobs_tc1_int8/manifest.json","SLURM/job metadata","no","Inventory; static/targeted review where relevant; pytest suite executed","Codex + independent workstream","No individual line-complete claim; see UNRESOLVED_OR_UNVERIFIED","Not line-completely reviewed in this pass"
"slurm/jobs_tc1_int8/mistral_7b_8bit__matrix.sbatch","SLURM/job metadata","no","Inventory; static/targeted review where relevant; pytest suite executed","Codex + independent workstream","No individual line-complete claim; see UNRESOLVED_OR_UNVERIFIED","Not line-completely reviewed in this pass"
"slurm/jobs_tc1_int8/phi4_mini_8bit__matrix.sbatch","SLURM/job metadata","no","Inventory; static/targeted review where relevant; pytest suite executed","Codex + independent workstream","No individual line-complete claim; see UNRESOLVED_OR_UNVERIFIED","Not line-completely reviewed in this pass"
"slurm/jobs_tc1_int8/qwen_2b_8bit__matrix.sbatch","SLURM/job metadata","no","Inventory; static/targeted review where relevant; pytest suite executed","Codex + independent workstream","No individual line-complete claim; see UNRESOLVED_OR_UNVERIFIED","Not line-completely reviewed in this pass"
"slurm/jobs_tc1_int8/qwen_4b_8bit__matrix.sbatch","SLURM/job metadata","no","Inventory; static/targeted review where relevant; pytest suite executed","Codex + independent workstream","No individual line-complete claim; see UNRESOLVED_OR_UNVERIFIED","Not line-completely reviewed in this pass"
"slurm/jobs_tc1_int8_512/llama_3_2_3b_8bit__matrix.sbatch","SLURM/job metadata","no","Inventory; static/targeted review where relevant; pytest suite executed","Codex + independent workstream","No individual line-complete claim; see UNRESOLVED_OR_UNVERIFIED","Not line-completely reviewed in this pass"
"slurm/jobs_tc1_int8_512/mistral_7b_8bit__matrix.sbatch","SLURM/job metadata","no","Inventory; static/targeted review where relevant; pytest suite executed","Codex + independent workstream","No individual line-complete claim; see UNRESOLVED_OR_UNVERIFIED","Not line-completely reviewed in this pass"
"slurm/jobs_tc1_int8_512/phi4_mini_8bit__matrix.sbatch","SLURM/job metadata","no","Inventory; static/targeted review where relevant; pytest suite executed","Codex + independent workstream","No individual line-complete claim; see UNRESOLVED_OR_UNVERIFIED","Not line-completely reviewed in this pass"
"slurm/jobs_tc1_int8_512/qwen_2b_8bit__matrix.sbatch","SLURM/job metadata","no","Inventory; static/targeted review where relevant; pytest suite executed","Codex + independent workstream","No individual line-complete claim; see UNRESOLVED_OR_UNVERIFIED","Not line-completely reviewed in this pass"
"slurm/jobs_tc1_int8_512/qwen_4b_8bit__matrix.sbatch","SLURM/job metadata","no","Inventory; static/targeted review where relevant; pytest suite executed","Codex + independent workstream","No individual line-complete claim; see UNRESOLVED_OR_UNVERIFIED","Not line-completely reviewed in this pass"
"slurm/jobs_tc1_int8_smoke/llama_3_2_3b_8bit__harmbench.sbatch","SLURM/job metadata","no","Inventory; static/targeted review where relevant; pytest suite executed","Codex + independent workstream","No individual line-complete claim; see UNRESOLVED_OR_UNVERIFIED","Not line-completely reviewed in this pass"
"slurm/jobs_tc1_int8_smoke/mistral_7b_8bit__harmbench.sbatch","SLURM/job metadata","no","Inventory; static/targeted review where relevant; pytest suite executed","Codex + independent workstream","No individual line-complete claim; see UNRESOLVED_OR_UNVERIFIED","Not line-completely reviewed in this pass"
"slurm/jobs_tc1_int8_smoke/phi4_mini_8bit__harmbench.sbatch","SLURM/job metadata","no","Inventory; static/targeted review where relevant; pytest suite executed","Codex + independent workstream","No individual line-complete claim; see UNRESOLVED_OR_UNVERIFIED","Not line-completely reviewed in this pass"
"slurm/jobs_tc1_int8_smoke/qwen_2b_8bit__harmbench.sbatch","SLURM/job metadata","no","Inventory; static/targeted review where relevant; pytest suite executed","Codex + independent workstream","No individual line-complete claim; see UNRESOLVED_OR_UNVERIFIED","Not line-completely reviewed in this pass"
"slurm/jobs_tc1_int8_smoke/qwen_4b_8bit__harmbench.sbatch","SLURM/job metadata","no","Inventory; static/targeted review where relevant; pytest suite executed","Codex + independent workstream","No individual line-complete claim; see UNRESOLVED_OR_UNVERIFIED","Not line-completely reviewed in this pass"
"slurm/jobs_tc1_sensitivity/README.md","SLURM/job metadata","no","Inventory; static/targeted review where relevant; pytest suite executed","Codex + independent workstream","No individual line-complete claim; see UNRESOLVED_OR_UNVERIFIED","Not line-completely reviewed in this pass"
"slurm/jobs_tc1_sensitivity/judge_sens_seed1.sbatch","SLURM/job metadata","no","Inventory; static/targeted review where relevant; pytest suite executed","Codex + independent workstream","No individual line-complete claim; see UNRESOLVED_OR_UNVERIFIED","Not line-completely reviewed in this pass"
"slurm/jobs_tc1_sensitivity/judge_sens_seed2.sbatch","SLURM/job metadata","no","Inventory; static/targeted review where relevant; pytest suite executed","Codex + independent workstream","No individual line-complete claim; see UNRESOLVED_OR_UNVERIFIED","Not line-completely reviewed in this pass"
"slurm/jobs_tc1_sensitivity/judge_sens_seed3.sbatch","SLURM/job metadata","no","Inventory; static/targeted review where relevant; pytest suite executed","Codex + independent workstream","No individual line-complete claim; see UNRESOLVED_OR_UNVERIFIED","Not line-completely reviewed in this pass"
"slurm/jobs_tc1_sensitivity/judge_sens_seed4.sbatch","SLURM/job metadata","no","Inventory; static/targeted review where relevant; pytest suite executed","Codex + independent workstream","No individual line-complete claim; see UNRESOLVED_OR_UNVERIFIED","Not line-completely reviewed in this pass"
"slurm/jobs_tc1_sensitivity/judge_sens_seed5.sbatch","SLURM/job metadata","no","Inventory; static/targeted review where relevant; pytest suite executed","Codex + independent workstream","No individual line-complete claim; see UNRESOLVED_OR_UNVERIFIED","Not line-completely reviewed in this pass"
"slurm/jobs_tc1_sensitivity/llama_3_2_3b_4bit__sens.sbatch","SLURM/job metadata","no","Inventory; static/targeted review where relevant; pytest suite executed","Codex + independent workstream","No individual line-complete claim; see UNRESOLVED_OR_UNVERIFIED","Not line-completely reviewed in this pass"
"slurm/jobs_tc1_sensitivity/llama_3_2_3b_base__sens.sbatch","SLURM/job metadata","no","Inventory; static/targeted review where relevant; pytest suite executed","Codex + independent workstream","No individual line-complete claim; see UNRESOLVED_OR_UNVERIFIED","Not line-completely reviewed in this pass"
"slurm/jobs_tc1_sensitivity/qwen_2b_4bit__sens.sbatch","SLURM/job metadata","no","Inventory; static/targeted review where relevant; pytest suite executed","Codex + independent workstream","No individual line-complete claim; see UNRESOLVED_OR_UNVERIFIED","Not line-completely reviewed in this pass"
"slurm/jobs_tc1_sensitivity/qwen_2b_base__sens.sbatch","SLURM/job metadata","no","Inventory; static/targeted review where relevant; pytest suite executed","Codex + independent workstream","No individual line-complete claim; see UNRESOLVED_OR_UNVERIFIED","Not line-completely reviewed in this pass"
"slurm/jobs_tc1_sensitivity/qwen_4b_4bit__sens.sbatch","SLURM/job metadata","no","Inventory; static/targeted review where relevant; pytest suite executed","Codex + independent workstream","No individual line-complete claim; see UNRESOLVED_OR_UNVERIFIED","Not line-completely reviewed in this pass"
"slurm/jobs_tc1_sensitivity/qwen_4b_base__sens.sbatch","SLURM/job metadata","no","Inventory; static/targeted review where relevant; pytest suite executed","Codex + independent workstream","No individual line-complete claim; see UNRESOLVED_OR_UNVERIFIED","Not line-completely reviewed in this pass"
"slurm/jobs_tc1_sensitivity_512/judge_sens512_seed1.sbatch","SLURM/job metadata","no","Inventory; static/targeted review where relevant; pytest suite executed","Codex + independent workstream","No individual line-complete claim; see UNRESOLVED_OR_UNVERIFIED","Not line-completely reviewed in this pass"
"slurm/jobs_tc1_sensitivity_512/judge_sens512_seed2.sbatch","SLURM/job metadata","no","Inventory; static/targeted review where relevant; pytest suite executed","Codex + independent workstream","No individual line-complete claim; see UNRESOLVED_OR_UNVERIFIED","Not line-completely reviewed in this pass"
"slurm/jobs_tc1_sensitivity_512/judge_sens512_seed3.sbatch","SLURM/job metadata","no","Inventory; static/targeted review where relevant; pytest suite executed","Codex + independent workstream","No individual line-complete claim; see UNRESOLVED_OR_UNVERIFIED","Not line-completely reviewed in this pass"
"slurm/jobs_tc1_sensitivity_512/judge_sens512_seed4.sbatch","SLURM/job metadata","no","Inventory; static/targeted review where relevant; pytest suite executed","Codex + independent workstream","No individual line-complete claim; see UNRESOLVED_OR_UNVERIFIED","Not line-completely reviewed in this pass"
"slurm/jobs_tc1_sensitivity_512/judge_sens512_seed5.sbatch","SLURM/job metadata","no","Inventory; static/targeted review where relevant; pytest suite executed","Codex + independent workstream","No individual line-complete claim; see UNRESOLVED_OR_UNVERIFIED","Not line-completely reviewed in this pass"
"slurm/jobs_tc1_sensitivity_512/llama_3_2_3b_4bit__sens512.sbatch","SLURM/job metadata","no","Inventory; static/targeted review where relevant; pytest suite executed","Codex + independent workstream","No individual line-complete claim; see UNRESOLVED_OR_UNVERIFIED","Not line-completely reviewed in this pass"
"slurm/jobs_tc1_sensitivity_512/llama_3_2_3b_base__sens512.sbatch","SLURM/job metadata","no","Inventory; static/targeted review where relevant; pytest suite executed","Codex + independent workstream","No individual line-complete claim; see UNRESOLVED_OR_UNVERIFIED","Not line-completely reviewed in this pass"
"slurm/jobs_tc1_sensitivity_512/qwen_2b_4bit__sens512.sbatch","SLURM/job metadata","no","Inventory; static/targeted review where relevant; pytest suite executed","Codex + independent workstream","No individual line-complete claim; see UNRESOLVED_OR_UNVERIFIED","Not line-completely reviewed in this pass"
"slurm/jobs_tc1_sensitivity_512/qwen_2b_base__sens512.sbatch","SLURM/job metadata","no","Inventory; static/targeted review where relevant; pytest suite executed","Codex + independent workstream","No individual line-complete claim; see UNRESOLVED_OR_UNVERIFIED","Not line-completely reviewed in this pass"
"slurm/jobs_tc1_sensitivity_512/qwen_4b_4bit__sens512.sbatch","SLURM/job metadata","no","Inventory; static/targeted review where relevant; pytest suite executed","Codex + independent workstream","No individual line-complete claim; see UNRESOLVED_OR_UNVERIFIED","Not line-completely reviewed in this pass"
"slurm/jobs_tc1_sensitivity_512/qwen_4b_base__sens512.sbatch","SLURM/job metadata","no","Inventory; static/targeted review where relevant; pytest suite executed","Codex + independent workstream","No individual line-complete claim; see UNRESOLVED_OR_UNVERIFIED","Not line-completely reviewed in this pass"
"slurm/jobs_tc1_smoke/llama_3_2_3b_4bit__harmbench.sbatch","SLURM/job metadata","no","Inventory; static/targeted review where relevant; pytest suite executed","Codex + independent workstream","No individual line-complete claim; see UNRESOLVED_OR_UNVERIFIED","Not line-completely reviewed in this pass"
"slurm/jobs_tc1_smoke/llama_3_2_3b_4bit__mmlu.sbatch","SLURM/job metadata","no","Inventory; static/targeted review where relevant; pytest suite executed","Codex + independent workstream","No individual line-complete claim; see UNRESOLVED_OR_UNVERIFIED","Not line-completely reviewed in this pass"
"slurm/jobs_tc1_smoke/llama_3_2_3b_4bit__xstest.sbatch","SLURM/job metadata","no","Inventory; static/targeted review where relevant; pytest suite executed","Codex + independent workstream","No individual line-complete claim; see UNRESOLVED_OR_UNVERIFIED","Not line-completely reviewed in this pass"
"slurm/jobs_tc1_smoke/llama_3_2_3b_base__harmbench.sbatch","SLURM/job metadata","no","Inventory; static/targeted review where relevant; pytest suite executed","Codex + independent workstream","No individual line-complete claim; see UNRESOLVED_OR_UNVERIFIED","Not line-completely reviewed in this pass"
"slurm/jobs_tc1_smoke/llama_3_2_3b_base__mmlu.sbatch","SLURM/job metadata","no","Inventory; static/targeted review where relevant; pytest suite executed","Codex + independent workstream","No individual line-complete claim; see UNRESOLVED_OR_UNVERIFIED","Not line-completely reviewed in this pass"
"slurm/jobs_tc1_smoke/llama_3_2_3b_base__xstest.sbatch","SLURM/job metadata","no","Inventory; static/targeted review where relevant; pytest suite executed","Codex + independent workstream","No individual line-complete claim; see UNRESOLVED_OR_UNVERIFIED","Not line-completely reviewed in this pass"
"slurm/jobs_tc1_smoke/manifest.json","SLURM/job metadata","no","Inventory; static/targeted review where relevant; pytest suite executed","Codex + independent workstream","No individual line-complete claim; see UNRESOLVED_OR_UNVERIFIED","Not line-completely reviewed in this pass"
"slurm/jobs_tc1_smoke/mistral_7b_4bit__harmbench.sbatch","SLURM/job metadata","no","Inventory; static/targeted review where relevant; pytest suite executed","Codex + independent workstream","No individual line-complete claim; see UNRESOLVED_OR_UNVERIFIED","Not line-completely reviewed in this pass"
"slurm/jobs_tc1_smoke/mistral_7b_base__harmbench.sbatch","SLURM/job metadata","no","Inventory; static/targeted review where relevant; pytest suite executed","Codex + independent workstream","No individual line-complete claim; see UNRESOLVED_OR_UNVERIFIED","Not line-completely reviewed in this pass"
"slurm/jobs_tc1_smoke/phi4_mini_4bit__harmbench.sbatch","SLURM/job metadata","no","Inventory; static/targeted review where relevant; pytest suite executed","Codex + independent workstream","No individual line-complete claim; see UNRESOLVED_OR_UNVERIFIED","Not line-completely reviewed in this pass"
"slurm/jobs_tc1_smoke/phi4_mini_base__harmbench.sbatch","SLURM/job metadata","no","Inventory; static/targeted review where relevant; pytest suite executed","Codex + independent workstream","No individual line-complete claim; see UNRESOLVED_OR_UNVERIFIED","Not line-completely reviewed in this pass"
"slurm/jobs_tc1_smoke/qwen_2b_4bit__harmbench.sbatch","SLURM/job metadata","no","Inventory; static/targeted review where relevant; pytest suite executed","Codex + independent workstream","No individual line-complete claim; see UNRESOLVED_OR_UNVERIFIED","Not line-completely reviewed in this pass"
"slurm/jobs_tc1_smoke/qwen_2b_4bit__mmlu.sbatch","SLURM/job metadata","no","Inventory; static/targeted review where relevant; pytest suite executed","Codex + independent workstream","No individual line-complete claim; see UNRESOLVED_OR_UNVERIFIED","Not line-completely reviewed in this pass"
"slurm/jobs_tc1_smoke/qwen_2b_4bit__xstest.sbatch","SLURM/job metadata","no","Inventory; static/targeted review where relevant; pytest suite executed","Codex + independent workstream","No individual line-complete claim; see UNRESOLVED_OR_UNVERIFIED","Not line-completely reviewed in this pass"
"slurm/jobs_tc1_smoke/qwen_2b_base__harmbench.sbatch","SLURM/job metadata","no","Inventory; static/targeted review where relevant; pytest suite executed","Codex + independent workstream","No individual line-complete claim; see UNRESOLVED_OR_UNVERIFIED","Not line-completely reviewed in this pass"
"slurm/jobs_tc1_smoke/qwen_2b_base__mmlu.sbatch","SLURM/job metadata","no","Inventory; static/targeted review where relevant; pytest suite executed","Codex + independent workstream","No individual line-complete claim; see UNRESOLVED_OR_UNVERIFIED","Not line-completely reviewed in this pass"
"slurm/jobs_tc1_smoke/qwen_2b_base__xstest.sbatch","SLURM/job metadata","no","Inventory; static/targeted review where relevant; pytest suite executed","Codex + independent workstream","No individual line-complete claim; see UNRESOLVED_OR_UNVERIFIED","Not line-completely reviewed in this pass"
"slurm/jobs_tc1_smoke/qwen_4b_4bit__harmbench.sbatch","SLURM/job metadata","no","Inventory; static/targeted review where relevant; pytest suite executed","Codex + independent workstream","No individual line-complete claim; see UNRESOLVED_OR_UNVERIFIED","Not line-completely reviewed in this pass"
"slurm/jobs_tc1_smoke/qwen_4b_4bit__mmlu.sbatch","SLURM/job metadata","no","Inventory; static/targeted review where relevant; pytest suite executed","Codex + independent workstream","No individual line-complete claim; see UNRESOLVED_OR_UNVERIFIED","Not line-completely reviewed in this pass"
"slurm/jobs_tc1_smoke/qwen_4b_4bit__xstest.sbatch","SLURM/job metadata","no","Inventory; static/targeted review where relevant; pytest suite executed","Codex + independent workstream","No individual line-complete claim; see UNRESOLVED_OR_UNVERIFIED","Not line-completely reviewed in this pass"
"slurm/jobs_tc1_smoke/qwen_4b_base__harmbench.sbatch","SLURM/job metadata","no","Inventory; static/targeted review where relevant; pytest suite executed","Codex + independent workstream","No individual line-complete claim; see UNRESOLVED_OR_UNVERIFIED","Not line-completely reviewed in this pass"
"slurm/jobs_tc1_smoke/qwen_4b_base__mmlu.sbatch","SLURM/job metadata","no","Inventory; static/targeted review where relevant; pytest suite executed","Codex + independent workstream","No individual line-complete claim; see UNRESOLVED_OR_UNVERIFIED","Not line-completely reviewed in this pass"
"slurm/jobs_tc1_smoke/qwen_4b_base__xstest.sbatch","SLURM/job metadata","no","Inventory; static/targeted review where relevant; pytest suite executed","Codex + independent workstream","No individual line-complete claim; see UNRESOLVED_OR_UNVERIFIED","Not line-completely reviewed in this pass"
"slurm/judge_validation.sbatch","SLURM/job metadata","no","Inventory; static/targeted review where relevant; pytest suite executed","Codex + independent workstream","No individual line-complete claim; see UNRESOLVED_OR_UNVERIFIED","Not line-completely reviewed in this pass"
"slurm/judge_validation_512.sbatch","SLURM/job metadata","no","Inventory; static/targeted review where relevant; pytest suite executed","Codex + independent workstream","No individual line-complete claim; see UNRESOLVED_OR_UNVERIFIED","Not line-completely reviewed in this pass"
"slurm/judge_validation_int8.sbatch","SLURM/job metadata","no","Inventory; static/targeted review where relevant; pytest suite executed","Codex + independent workstream","No individual line-complete claim; see UNRESOLVED_OR_UNVERIFIED","Not line-completely reviewed in this pass"
"slurm/judge_validation_int8_512.sbatch","SLURM/job metadata","no","Inventory; static/targeted review where relevant; pytest suite executed","Codex + independent workstream","No individual line-complete claim; see UNRESOLVED_OR_UNVERIFIED","Not line-completely reviewed in this pass"
"slurm/judge_validation_newpairs.sbatch","SLURM/job metadata","no","Inventory; static/targeted review where relevant; pytest suite executed","Codex + independent workstream","No individual line-complete claim; see UNRESOLVED_OR_UNVERIFIED","Not line-completely reviewed in this pass"
"tests/__init__.py","test","no","Inventory; static/targeted review where relevant; pytest suite executed","Codex + independent workstream","No individual line-complete claim; see UNRESOLVED_OR_UNVERIFIED","Not line-completely reviewed in this pass"
"tests/conftest.py","test","no","Inventory; static/targeted review where relevant; pytest suite executed","Codex + independent workstream","No individual line-complete claim; see UNRESOLVED_OR_UNVERIFIED","Not line-completely reviewed in this pass"
"tests/test_agent_harness.py","test","no","Inventory; static/targeted review where relevant; pytest suite executed","Codex + independent workstream","No individual line-complete claim; see UNRESOLVED_OR_UNVERIFIED","Not line-completely reviewed in this pass"
"tests/test_arc.py","test","no","Inventory; static/targeted review where relevant; pytest suite executed","Codex + independent workstream","No individual line-complete claim; see UNRESOLVED_OR_UNVERIFIED","Not line-completely reviewed in this pass"
"tests/test_dashboard_data.py","test","no","Inventory; static/targeted review where relevant; pytest suite executed","Codex + independent workstream","No individual line-complete claim; see UNRESOLVED_OR_UNVERIFIED","Not line-completely reviewed in this pass"
"tests/test_dashboard_theme.py","test","no","Inventory; static/targeted review where relevant; pytest suite executed","Codex + independent workstream","No individual line-complete claim; see UNRESOLVED_OR_UNVERIFIED","Not line-completely reviewed in this pass"
"tests/test_datasets.py","test","no","Inventory; static/targeted review where relevant; pytest suite executed","Codex + independent workstream","No individual line-complete claim; see UNRESOLVED_OR_UNVERIFIED","Not line-completely reviewed in this pass"
"tests/test_evaluators.py","test","no","Inventory; static/targeted review where relevant; pytest suite executed","Codex + independent workstream","No individual line-complete claim; see UNRESOLVED_OR_UNVERIFIED","Not line-completely reviewed in this pass"
"tests/test_int8_scoping.py","test","no","Inventory; static/targeted review where relevant; pytest suite executed","Codex + independent workstream","No individual line-complete claim; see UNRESOLVED_OR_UNVERIFIED","Not line-completely reviewed in this pass"
"tests/test_judge_agreement.py","test","no","Inventory; static/targeted review where relevant; pytest suite executed","Codex + independent workstream","No individual line-complete claim; see UNRESOLVED_OR_UNVERIFIED","Not line-completely reviewed in this pass"
"tests/test_judge_pairwise.py","test","no","Inventory; static/targeted review where relevant; pytest suite executed","Codex + independent workstream","No individual line-complete claim; see UNRESOLVED_OR_UNVERIFIED","Not line-completely reviewed in this pass"
"tests/test_judge_validation.py","test","no","Inventory; static/targeted review where relevant; pytest suite executed","Codex + independent workstream","No individual line-complete claim; see UNRESOLVED_OR_UNVERIFIED","Not line-completely reviewed in this pass"
"tests/test_matrix_reuse.py","test","no","Inventory; static/targeted review where relevant; pytest suite executed","Codex + independent workstream","No individual line-complete claim; see UNRESOLVED_OR_UNVERIFIED","Not line-completely reviewed in this pass"
"tests/test_metrics_and_config.py","test","no","Inventory; static/targeted review where relevant; pytest suite executed","Codex + independent workstream","No individual line-complete claim; see UNRESOLVED_OR_UNVERIFIED","Not line-completely reviewed in this pass"
"tests/test_models.py","test","no","Inventory; static/targeted review where relevant; pytest suite executed","Codex + independent workstream","No individual line-complete claim; see UNRESOLVED_OR_UNVERIFIED","Not line-completely reviewed in this pass"
"tests/test_pipeline.py","test","no","Inventory; static/targeted review where relevant; pytest suite executed","Codex + independent workstream","No individual line-complete claim; see UNRESOLVED_OR_UNVERIFIED","Not line-completely reviewed in this pass"
"tests/test_precision_sweep.py","test","no","Inventory; static/targeted review where relevant; pytest suite executed","Codex + independent workstream","No individual line-complete claim; see UNRESOLVED_OR_UNVERIFIED","Not line-completely reviewed in this pass"
"tests/test_quant_analysis.py","test","no","Inventory; static/targeted review where relevant; pytest suite executed","Codex + independent workstream","No individual line-complete claim; see UNRESOLVED_OR_UNVERIFIED","Not line-completely reviewed in this pass"
"tests/test_quant_config_schema.py","test","no","Inventory; static/targeted review where relevant; pytest suite executed","Codex + independent workstream","No individual line-complete claim; see UNRESOLVED_OR_UNVERIFIED","Not line-completely reviewed in this pass"
"tests/test_quant_int8.py","test","no","Inventory; static/targeted review where relevant; pytest suite executed","Codex + independent workstream","No individual line-complete claim; see UNRESOLVED_OR_UNVERIFIED","Not line-completely reviewed in this pass"
"tests/test_quant_pipeline_utils.py","test","no","Inventory; static/targeted review where relevant; pytest suite executed","Codex + independent workstream","No individual line-complete claim; see UNRESOLVED_OR_UNVERIFIED","Not line-completely reviewed in this pass"
"tests/test_quant_smoke.py","test","no","Inventory; static/targeted review where relevant; pytest suite executed","Codex + independent workstream","No individual line-complete claim; see UNRESOLVED_OR_UNVERIFIED","Not line-completely reviewed in this pass"
"tests/test_refusal_margin.py","test","no","Inventory; static/targeted review where relevant; pytest suite executed","Codex + independent workstream","No individual line-complete claim; see UNRESOLVED_OR_UNVERIFIED","Not line-completely reviewed in this pass"
"tests/test_refusal_parser.py","test","no","Inventory; static/targeted review where relevant; pytest suite executed","Codex + independent workstream","No individual line-complete claim; see UNRESOLVED_OR_UNVERIFIED","Not line-completely reviewed in this pass"
"tests/test_report_claims.py","test","no","Inventory; static/targeted review where relevant; pytest suite executed","Codex + independent workstream","No individual line-complete claim; see UNRESOLVED_OR_UNVERIFIED","Not line-completely reviewed in this pass"
"tests/test_sensitivity.py","test","no","Inventory; static/targeted review where relevant; pytest suite executed","Codex + independent workstream","No individual line-complete claim; see UNRESOLVED_OR_UNVERIFIED","Not line-completely reviewed in this pass"
"tests/test_slurm_helpers.py","test","no","Inventory; static/targeted review where relevant; pytest suite executed","Codex + independent workstream","No individual line-complete claim; see UNRESOLVED_OR_UNVERIFIED","Not line-completely reviewed in this pass"
"tests/test_xstest_benign.py","test","no","Inventory; static/targeted review where relevant; pytest suite executed","Codex + independent workstream","No individual line-complete claim; see UNRESOLVED_OR_UNVERIFIED","Not line-completely reviewed in this pass"
